hero	https://images.unsplash.com/photo-1662850886700-4ec19bd30d11?w=1400&q=72&fm=webp	Ll9YOG20UFI	Nolan Manning
clinic-reception	https://images.unsplash.com/photo-1758448721205-8465cebc26af?w=1800&q=72&fm=webp	tUcVQwXsNck	Aalo Lens
clinic-corridor	https://images.unsplash.com/photo-1758448511533-e1502259fff6?w=1600&q=72&fm=webp	1PXsFfTbEcI	Aalo Lens
clinic-room	https://images.unsplash.com/photo-1704455306251-b4634215d98f?w=1600&q=72&fm=webp	Fdku_oMrDvk	Kari Bjorn Photography
clinic-lounge	https://images.unsplash.com/photo-1629292116668-921112f088db?w=1600&q=72&fm=webp	81bAlhg7rQQ	Takafumi Yamashita
clinic-chair	https://images.unsplash.com/photo-1728342057953-94bfad8f0e7e?w=1100&q=72&fm=webp	44jaETSVX2I	Katarzyna Zygnerska
clinic-detail	https://images.unsplash.com/photo-1680358963845-c585accfd782?w=1100&q=72&fm=webp	0rrpIWXp7uk	Eline Marrieth
clinic-light	https://images.unsplash.com/photo-1783685158361-a82d34288149?w=1100&q=72&fm=webp	DWfPqYf5ARU	Alexander Kaufmann
clinic-niche	https://images.unsplash.com/photo-1787145879056-d02365c5b911?w=1100&q=72&fm=webp	GeBIlQhpwv8	Ela De Pure
team-helena	https://images.unsplash.com/photo-1709136494437-5b3e29bfe62b?w=2000&q=85&fm=jpg	r2o9MXiFq78	GN Group
team-rafael	https://images.unsplash.com/photo-1756699279298-c89cdef354ab?w=2000&q=85&fm=jpg	no7wWT_g9OA	SoyBreno
team-camila	https://images.unsplash.com/photo-1765005204058-10418f5123c5?w=2000&q=85&fm=jpg	1l6UeCc9P9o	Joecalih
tech-scanner	https://images.unsplash.com/photo-1689103229376-3fbfe1257242?w=1400&q=72&fm=webp	JaL1PZq-gHE	Mélyna Côté
tech-dsd	https://images.unsplash.com/photo-1606142979064-349704d230e3?w=1000&q=72&fm=webp	V99Zl7RqihQ	Quang Tri NGUYEN
tech-xray	https://images.unsplash.com/photo-1777445374290-eedda5be8e5b?w=1000&q=72&fm=webp	QWgq6Rjw0SE	Harold Hisona
tech-print	https://images.unsplash.com/photo-1590424753656-fc25220af381?w=1000&q=72&fm=webp	teQqcjST9xQ	Elena Mozhvilo
consult	https://images.unsplash.com/photo-1606811811225-10635e4c9a39?w=2000&q=85&fm=jpg	uqveD8dYPUM	Caroline LM
tr-implantes	https://images.unsplash.com/photo-1771442873035-474765b40ac6?w=1000&q=72&fm=webp	eHwRLpfHSKY	Katarzyna Zygnerska
tr-lentes	https://images.unsplash.com/photo-1660737216887-7bdf4402bc89?w=1000&q=72&fm=webp	rQVrZdAHXQQ	Ozkan Guner
tr-alinhadores	https://images.unsplash.com/photo-1590062033099-a43ac5f82979?w=1000&q=72&fm=webp	irPpXQF5bSI	Geniova Technologies
tr-clareamento	https://images.unsplash.com/photo-1567516364473-233c4b6fcfbe?w=1000&q=72&fm=webp	yIitNO2Bgdo	Alexander Krivitskiy
tr-reabilitacao	https://images.unsplash.com/photo-1660300110556-fa3ccf6f4eb1?w=1000&q=72&fm=webp	kL6LP2olEds	Ozkan Guner
tr-preventiva	https://images.unsplash.com/photo-1659989693409-5adc97274bed?w=1000&q=72&fm=webp	fNSPSQAH1mQ	Nate Johnston
ba-1	https://images.unsplash.com/photo-1663182245833-7dd667277043?w=1400&q=72&fm=webp	X7smMpe1CDE	Ozkan Guner
ba-2	https://images.unsplash.com/photo-1663182234283-28941e7612da?w=1400&q=72&fm=webp	7Mut2WMWttA	Ozkan Guner
ba-3	https://images.unsplash.com/photo-1654373535457-383a0a4d00f9?w=1400&q=72&fm=webp	glPVwPr1FKo	Tony Litvyak
patient-mature	https://images.unsplash.com/photo-1693434361986-6c169ce1eb41?w=1100&q=72&fm=webp	LpPlJjqSeVA	Abigail Boone
